"The top 5 reasons for DB2 server to be slow and cause login problems","4","9","2","1"
"How to debug slow login","4","8","2","1"
"Describe WebSphere Admin Console","5","3","2","1"
"What is WAS Admin Console","5","9","6","3","7","4"
"How many types of WebSphere Administrative Console are there","6","9","5","4","7","4"
"Types of WAS Admin Console","6","9","7","6","5","3"
"List the 3 types of WebSphere Administrative Console are there","7","9","5","7","6","4"
"List types of WAS Admin Console","7","9","5","7","6","4"
"How many types of WAS Admin Console","7","9","5","7","6","4"
"How can you find the Administrative Console port numbers","8","9","9","1"
"How to locate WAS Admin Console ports","8","9","9","1"
"where to find WAS Admin Console ports","8","9","9","1"
"What is the url to access the administrative console","9","10","10","5"
"What is default url of WAS Admin Console","9","10","10","5"
"Default url of WAS Admin Console","9","10","10","5"
"How do you enable security after profile creation","10","9","9","5"
"How to enable WAS security","10","9","9","5"
"Enable WAS security","10","9","9","5"
"Describe the various security roles in WebSphere","11","9","10","7","9","5"
"What are WAS security roles","11","9","10","7","9","5"
"Describe WAS security roles","11","9","10","7","9","5"
"What is Node.js","28","11","30","5"
"Describe Node.js","28","11","30","5"
"Explain Node.js","28","11","30","5"
"I dont know Node.js","28","11","30","5"
"How can I create a Java core file in WebSphere","13","10","14","5"
"How to create a Java core file in WAS","13","10","14","5"
"Java core file in WAS","13","10","14","5"
"WAS core","13","10","14","5"
"How should I debug a hung thread in WebSphere","14","10","13","9"
"How to debug a hung thread in WAS","14","10","13","9"
"WAS hung thread","14","10","13","9"
"How can I perform high CPU analysis in WebSphere","15","11","16","9"
"How to perform high CPU analysis in WAS","15","11","16","9"
"Perform high CPU analysis in WAS","15","11","16","9"
"CPU analysis in WAS","15","11","16","9"
"What causes high CPU usage in WebSphere","16","11","15","9"
"CPU and WAS","16","11","15","9"
"CPU and WebSphere","16","11","15","9"
"How can I know if a memory leak is occurring in WebSphere","17","10","18","8","19","6","20","4"
"Memory leak is in WebSphere","17","10","18","8","19","6","20","4"
"WebSphere Memory leak","17","10","18","8","19","6","20","4"
"WAS Memory leak","17","10","18","8","19","6","20","4"
"Where can I find out of memory message in WebSphere","18","12","19","9","20","7"
"Memory message in WebSphere","18","12","19","9","20","7"
"Memory message in WAS","18","12","19","9","20","7"
"WAS heap","18","12","19","9","20","7"
"WebSphere heap","18","12","19","9","20","7"
"What log files are created by WebSphere when out of OOM happens","19","12","20","9"
"Log files associated with WebSphere for OOM","19","12","20","9"
"WAS OOM","19","12","20","9"
"WebSphere OOM","19","12","20","9"
"OOM and WAS","19","12","20","9"
"At which OOM situation I should use System Dump file","20","10","3","1"
"When to use system dump","20","10","3","1"
"WAS dump file","20","10","3","1"
"WebSphere dump file","20","10","3","1"
"Why WebSphere dump file","20","10","3","1"
"What to do for WebSphere bundle start up issue","21","10","3","1"
"WebSphere bundle start up issue","21","10","3","1"
"WAS bundle start up issue","21","10","3","1"
"WebSphere bundle issue","21","10","3","1"
"WAS bundle start issue","21","10","3","1"
"debug Cannot Access Agent Console","22","10","3","1"
"How do I debug Cannot Access Agent Console","22","10","3","1"
"Debug WAS Cannot Access Agent Console","22","10","3","1"
"Debug WebSphere Cannot Access Agent Console","22","10","3","1"
"Can WebSphere detect hung threads","23","10","24","8"
"WebSphere hung threads","23","10","24","8"
"WAS hung threads","23","10","24","8"
"WAS threads hanging","23","10","24","8"
"What damage is done by hung thread in WebSphere","24","12","23","9"
"WebSphere hung thread effects","24","12","23","9"
"WAS hung thread effects","24","12","23","9"
"WebSphere Portal server hung thread","24","12","23","9"
"Websphere Process server hung thread","24","12","23","9"
"Describe WebSphere HPEL","25","12","26","8"
"WebSphere HPEL","25","12","26","8"
"WAS HPEL","25","12","26","8"
"Logging modes in WebSphere","26","12","25","8"
"WebSphere logging modes","26","12","25","8"
"WAS logging modes","26","12","25","8"
"Describe Installation Manager","27","10","3","1"
"WAS Installation Manager","27","10","3","2"
"WebSphere Installation Manager","27","10","3","2"
"What is the architecture type of Node.js","29","10","30","3"
"Node.js architecture ","29","10","30","3"
"What is the engine used to execute Node.js","30","10","29","3"
"Node.js engine","30","10","29","3"
"Does the Node.js have any built in library","31","10","32","3"
"Node.js library","31","10","32","3"
"What is the function of Node.js built in library","31","10","32","3"
"Node.js library function","31","10","32","3"
"Name few companies that use Node.js","33","10","28","1"
"Companies that use Node.js","33","10","28","1"
"Node.js companies","33","10","28","1"
"Who and when Node.js was invented","34","10","33","3"
"When Node.js was invented","34","10","33","3"
"Give me a short overview of Node.js","35","10","28","5"
"Short overview of Node.js","35","10","28","5"
"Node.js overview","35","10","28","5"
"What is the relationship between Framework and Node.js","36","3","2","1"
"Node.js and framework","36","3","2","1"
"Node.js framework","36","3","2","1"
"What is built by Node.js","37","10","35","2"
"Node.js does what","37","10","35","2"
"What is the difference between Node.js and PHP","38","10","37","2"
"Node.js and PHP","38","10","37","2"
"PHP and Node.js","38","10","37","2"
"How does Node.js handle parallel threads","39","10","28","2"
"Node.js and parallel threads","39","10","28","2"
"Node.js parallel threads","39","10","28","2"
"Are there many open source libraries for Node.js","40","10","28","2"
"Node.js open source libraries","40","10","28","2"
"Node.js open source","40","10","28","2"
"Describe the Node.js threading","41","10","28","1"
"Node.js threading","41","3","28","1"
"Node.js and threading","41","3","28","1"
"How does Node.js handle asynchronous events","42","10","28","3"
"Node.js asynchronous events","42","10","28","3"
"Node.js asynchronous","42","10","28","3"
"Where does the core functionality of Node.js reside","43","10","28","1"
"Node.js functionality","43","10","28","1"
"Describe the package management is Node.js","44","10","28","1"
"Node.js package management is","44","10","28","1"
"What is Node.js package management","44","10","28","1"
"Can Node.js leverage unified API","45","10","47","1"
"Node.js and unified API","45","10","47","1"
"Node.js unified API","45","10","47","1"
"Can Node.js reuse models and service interface","46","10","28","3"
"Node.js models and service interface","46","10","28","3"
"Can Node.js reuse models","46","10","28","1"
"Can Node.js reuse service interface","46","10","28","1"
"How is Node.js notified when a connection is made","47","10","28","1"
"Node.js connection notification","47","10","28","1"
"Node.js connection","47","10","28","1"
"How broken npm are fixed","48","10","49","2"
"Node.js broken npm","48","10","49","2"
"Node.js npm broken","48","10","49","2"
"How do I fix npm Git ERR","49","10","48","5"
"npm ERR","49","10","48","5"
"git error","49","10","48","5"
"npm error","49","10","48","5"
"How do I fix Invalid JSON error","50","3","2","1"
"Invalid JSON error","50","10","48","1"
"JSON error","50","10","48","1"
"error JSON","50","10","48","1"
"JSON err","50","10","48","1"
"ENOENT unlink error","51","12","48","5"
"Why login errors happen","52","12","48","1"
"Node.js login errors","52","12","48","1"
"Why npm hangs on Windows at addRemoteTarball","53","12","28","2"
"npm hangs at addRemoteTarball","53","12","28","2"
"Strange npm issues","54","16","28","1"
"npm strange issues","54","16","28","1"
"npm issues","54","16","28","1"
"npm problematic installation","55","20","48","7","54","5"
"npm installation problem","55","20","48","7","54","5"
"npm install problem","55","20","48","7","54","5"
"SSL error Nodej.js","56","20","52","1"
"Nodej.js ssl error","56","20","52","1"
"Download the latest Node.js msi for Windows","57","30","28","8"
"Node.js msi download","57","30","28","8"
"Node.js msi download windows","57","30","28","8"
"Node.js common JavaScript mistakes","58","31","28","8"
"Node.js overhead","58","31","28","8"
"Node.js performance overhead","58","31","28","7"
"Top reasons wireless network are slow","59","30","2","1"
"Wireless network overhead","59","30","2","1"
"Wireless network","59","30","2","1"